aivazis = Michael Aivazis <aivazis@caltech.edu>
alessia = Alessia Maggi <alessia.maggi@unistra.fr>
alisic = Laura Alisic <alisic@gps.caltech.edu>
alex = Alex Takakuwa <alex@geodynamics.org>
ampuero = Jean Paul Ampuero <ampuero@gps.caltech.edu>
baagaard = Brad Aagaard <baagaard@usgs.gov>
becker = Thorsten Becker <twb@usc.edu>
boo = Leif Strand <leif@geodynamics.org>
brad = Brad Aagaard <baagaard@usgs.gov>
braden.pellett = Braden Pellett <bpellett@ucdavis.edu>
carltape = Carl Tape <carltape@gi.alaska.edu>
cassie = Cassie Ferguson <cassie@geodynamics.org>
ces74 = Eunseo Choi <echoi@ig.utexas.edu>
cmorency = Christina Morency <morency1@llnl.gov>
cstark = Colin Stark <cstark@ldeo.columbia.edu>
danielpeter = Daniel Peter <peterda@ethz.ch>
davidmichea = David Michea <dmichea@univ-pau.fr>
dkomati1 = Dimitri Komatitsch <komatitsch@lma.cnrs-mrs.fr>
echoi = Eun-seo Choi <echoi@ig.utexas.edu>
elliott.sales.de.andrade = Elliott Sales de Andrade <esalesde@physics.utoronto.ca>
emanuele = Emanuele Casarotti <emanuele.casarotti@gmail.com>
emheien = Eric Heien <emheien@ucdavis.edu>
ericheien = Eric Heien <emheien@ucdavis.edu>
gurnis = Michael Gurnis <gurnis@caltech.edu>
hejunzhu = Hejun Zhu <hejunzhu@Princeton.EDU>
homnath = Hom Nath Gharti <hgharti@princeton.edu>
jtromp = Jeroen Tromp <jtromp@princeton.edu>
knepley = Matt Knepley <knepley@gmail.com>
komatits = Dimitri Komatitsch <komatitsch@lma.cnrs-mrs.fr>
lefebvre = Matthieu Lefebvre <ml15@princeton.edu>
leif = Leif Strand <leif@geodynamics.org>
liuqy = Qinya Liu <liuqy@physics.utoronto.ca>
luet = David Luet <luet@princeton.edu>
luis = Luis Armendariz <luis@geodynamics.org>
mchen = Min Chen <mchen.duoduo@gmail.com>
nlegoff = Nicolas Legoff <nicolas.legoff@univ-pau.fr>
percygalvez = Percy Galvez <percy.galvez@sed.eth.ch>
polson = Peter Olson <olson@jhu.edu>
rjolivet = Romain Jolivet <rjolivet@caltech.edu>
rmodrak = Ryan Modrak <rmodrak@princeton.edu>
savage13 = Brian Savage savage13@gps.caltech.edu
sdk = Scott King <sdk@vt.edu>
sue = Sue Kientz <sue@geodynamics.org>
svm = Leif Strand <leif@geodynamics.org>
svn = Leif Strand <leif@geodynamics.org>
surendra = Surendra Somala <surendra@caltech.edu>
tan2 = Eh Tan <tan2@earth.sinica.edu.tw>
tlknight = Terry Knight <tlknight@cse.ucdavis.edu>
unknown_user = Leif Strand <leif@geodynamics.org>
vadim = Vadim Monteiller <Vadim.Monteiller@irap.omp.eu>
vala = Vala Hjörleifsdóttir <vala@gps.caltech.edu>
walter = Walter Landry <walter@geodynamics.org>
wei = Wei Mi <wei@geodynamics.org>
weimi = Wei Mi <wei@geodynamics.org>
willic3 = Charles Williams <C.Williams@gns.cri.nz>
xie.zhinan = Xie Zhinan <xiezhinan1984@gmail.com>
ykim = YoungHee Kim <ykim@gps.caltech.edu>
VCP = Leif Strand <leif@geodynamics.org>
(no author) = Leif Strand <leif@geodynamics.org>
anne = anne <anne>
barmin = barmin <barmin>
bernhard = bernhard <bernhard>
bozdag = bozdag <bozdag>
cigtg = cigtg <cigtg>
cjoneill = cjoneill <cjoneill>
cristini = Paul Cristini <cristini>
danb = Dan Bower <danb>
dmcr = dmcr <dmcr>
dmichea = David Michea <dmichea>
friberg = friberg <friberg>
gian = Gian Matharu <gian>
hlin = hlin <hlin>
joseph.charles = Joseph Charles <joseph.charles>
lcarring = lcarring <lcarring>
lis = lis <lis>
lqy = lqy <lqy>
luke = luke <luke>
maweier = maweier <maweier>
meschede = meschede <meschede>
patrick = patrick <patrick>
pieyre = pieyre <pieyre>
puru = puru <puru>
rietmann = rietmann <rietmann>
slombey = slombey <slombey>
steve = steve <steve>
vlad = vlad <vlad>
yangl = yangl <yangl>
yingz = yingz <yingz>
